"Time (s)","Latitude (°)","Longitude (°)","Height (m)","Velocity (m/s)","Direction (°)","Horizontal Accuracy (m)","Vertical Accuracy (m)"
1.957389531E0,6.498472027E1,2.551924434E1,-3.476546846E0,8.100000024E-1,0.000000000E0,1.850000000E1,2.300000000E1
2.911513711E0,6.498443680E1,2.551999946E1,3.052309220E1,1.159999967E0,0.000000000E0,6.500000000E0,1.200000000E1
3.912157383E0,6.498444887E1,2.552000483E1,2.752310266E1,1.379999995E0,0.000000000E0,6.500000000E0,1.100000000E1
4.901019609E0,6.498444024E1,2.551992528E1,1.952310510E1,1.289999962E0,0.000000000E0,6.500000000E0,1.000000000E1
5.913302109E0,6.498443244E1,2.551995537E1,1.952309395E1,1.220000029E0,1.291000061E2,6.000000000E0,1.000000000E1
6.911183047E0,6.498442850E1,2.551996912E1,2.052308851E1,2.999999821E-1,1.398999939E2,5.500000000E0,9.000000000E0
7.917759453E0,6.498442661E1,2.551998789E1,1.952308430E1,4.599999785E-1,1.506000061E2,4.500000000E0,8.000000000E0
8.929745352E0,6.498442695E1,2.551999980E1,1.952308305E1,9.399999976E-1,1.149000015E2,4.500000000E0,7.000000000E0
9.926193633E0,6.498441098E1,2.552003659E1,1.852306347E1,1.000000000E0,1.048000031E2,4.000000000E0,7.000000000E0
1.091930957E1,6.498441086E1,2.552008051E1,1.652305760E1,6.800000072E-1,1.136999969E2,4.000000000E0,7.000000000E0
1.192217066E1,6.498441622E1,2.552008613E1,1.552306182E1,7.599999905E-1,1.066999969E2,3.500000000E0,6.000000000E0
1.292575516E1,6.498441538E1,2.552010239E1,1.552305892E1,6.299999952E-1,1.048000031E2,3.500000000E0,6.000000000E0
1.391922871E1,6.498441639E1,2.552013583E1,1.352305546E1,8.199999928E-1,1.084000015E2,3.000000000E0,6.000000000E0
1.492239211E1,6.498441010E1,2.552015830E1,1.252304671E1,5.699999928E-1,1.066999969E2,3.500000000E0,6.000000000E0
1.592770996E1,6.498440331E1,2.552017431E1,1.352303833E1,1.000000000E0,1.119000015E2,3.000000000E0,5.000000000E0
1.692796016E1,6.498439522E1,2.552019736E1,1.352302783E1,8.700000048E-1,1.100999985E2,3.000000000E0,5.000000000E0
1.793649594E1,6.498439455E1,2.552022527E1,1.352302355E1,7.699999809E-1,9.450000000E1,3.000000000E0,5.000000000E0
1.891375055E1,6.498438408E1,2.552023692E1,1.352301234E1,5.099999905E-1,1.029000015E2,3.000000000E0,5.000000000E0
1.990236621E1,6.498437540E1,2.552024706E1,1.252300299E1,8.399999738E-1,1.240999985E2,3.000000000E0,5.000000000E0
2.090876949E1,6.498437322E1,2.552025913E1,1.252299939E1,7.799999714E-1,1.268000031E2,3.000000000E0,5.000000000E0
2.193250043E1,6.498437004E1,2.552027548E1,1.252299431E1,1.149999976E0,1.189000015E2,3.000000000E0,5.000000000E0
2.293372848E1,6.498436790E1,2.552031144E1,1.352298762E1,1.220000029E0,1.016999969E2,2.500000000E0,4.000000000E0
2.394768828E1,6.498436911E1,2.552032669E1,1.452298674E1,1.019999981E0,1.053000031E2,2.500000000E0,4.000000000E0
2.493280574E1,6.498436509E1,2.552035133E1,1.652297979E1,1.059999943E0,1.090999985E2,3.000000000E0,4.000000000E0
2.593792125E1,6.498435855E1,2.552037464E1,1.652297069E1,9.799999595E-1,1.140000000E2,3.000000000E0,4.000000000E0
2.695188992E1,6.498435709E1,2.552039576E1,1.752296657E1,8.499999642E-1,1.126999969E2,3.000000000E0,4.000000000E0
2.794756066E1,6.498435663E1,2.552041722E1,1.852296333E1,8.100000024E-1,1.076999969E2,3.000000000E0,4.000000000E0
2.892509273E1,6.498435315E1,2.552044705E1,1.852295620E1,1.139999986E0,9.819999695E1,3.500000000E0,5.000000000E0
2.993054125E1,6.498434992E1,2.552047815E1,1.952294914E1,1.179999948E0,9.369999695E1,3.000000000E0,4.000000000E0
3.093885875E1,6.498434841E1,2.552051017E1,2.052294355E1,1.189999938E0,9.640000153E1,3.500000000E0,5.000000000E0
3.194628098E1,6.498434280E1,2.552053683E1,1.952293486E1,1.189999938E0,1.014000015E2,3.500000000E0,4.000000000E0
3.294318465E1,6.498433605E1,2.552056532E1,1.952292489E1,1.149999976E0,1.045999985E2,3.000000000E0,4.000000000E0
3.392424250E1,6.498433039E1,2.552059064E1,1.952291634E1,1.049999952E0,1.134000015E2,3.000000000E0,4.000000000E0
3.494159203E1,6.498432352E1,2.552061243E1,1.952290713E1,1.189999938E0,1.136999969E2,3.000000000E0,4.000000000E0
3.593549609E1,6.498431874E1,2.552063833E1,1.952289932E1,1.129999995E0,1.214000015E2,3.500000000E0,5.000000000E0
3.691406328E1,6.498431350E1,2.552066658E1,1.952289077E1,1.129999995E0,1.215000000E2,3.500000000E0,4.000000000E0
3.791792102E1,6.498430684E1,2.552069139E1,1.952288135E1,1.110000014E0,1.244000015E2,3.500000000E0,4.000000000E0
3.894168629E1,6.498429883E1,2.552072106E1,1.952287006E1,1.069999933E0,1.208000031E2,3.500000000E0,4.000000000E0
3.994365617E1,6.498429477E1,2.552074126E1,1.952286366E1,9.199999571E-1,1.185000000E2,3.500000000E0,5.000000000E0
4.094920973E1,6.498428890E1,2.552075769E1,1.952285608E1,1.000000000E0,1.268000031E2,3.500000000E0,4.000000000E0
4.194904121E1,6.498428081E1,2.552077730E1,1.952284603E1,9.799999595E-1,1.258000031E2,3.500000000E0,4.000000000E0
4.294576477E1,6.498427549E1,2.552080102E1,1.952283799E1,9.599999785E-1,1.276999969E2,3.000000000E0,4.000000000E0
4.394555312E1,6.498427075E1,2.552082198E1,1.952283087E1,9.699999690E-1,1.240999985E2,3.500000000E0,4.000000000E0
4.494885750E1,6.498426220E1,2.552084595E1,1.952281982E1,1.110000014E0,1.311000061E2,3.500000000E0,4.000000000E0
4.595315188E1,6.498425755E1,2.552086992E1,2.052281237E1,8.599999547E-1,1.270000000E2,3.500000000E0,4.000000000E0
4.693681961E1,6.498425344E1,2.552089222E1,2.052280565E1,7.899999619E-1,1.195999985E2,3.500000000E0,4.000000000E0
4.794478574E1,6.498425043E1,2.552091032E1,2.052280049E1,8.399999738E-1,1.166999969E2,3.500000000E0,4.000000000E0
4.893287648E1,6.498424347E1,2.552093471E1,2.052279086E1,1.220000029E0,1.368999939E2,3.500000000E0,4.000000000E0
4.992782094E1,6.498423182E1,2.552096187E1,1.952277652E1,1.059999943E0,1.441000061E2,3.500000000E0,4.000000000E0
5.096209934E1,6.498422289E1,2.552098316E1,1.852276548E1,1.059999943E0,1.408999939E2,3.500000000E0,4.000000000E0
5.194320098E1,6.498421589E1,2.552100143E1,1.852275661E1,9.799999595E-1,1.408999939E2,3.500000000E0,4.000000000E0
5.293510156E1,6.498420672E1,2.552101535E1,1.852274630E1,1.029999971E0,1.430000000E2,3.500000000E0,4.000000000E0
5.393498562E1,6.498419565E1,2.552103211E1,1.852273386E1,1.110000014E0,1.506999969E2,3.500000000E0,4.000000000E0
5.493740840E1,6.498418706E1,2.552104033E1,1.852272484E1,1.240000010E0,1.503999939E2,3.500000000E0,4.000000000E0
5.594541262E1,6.498417545E1,2.552104854E1,1.752271303E1,1.100000024E0,1.506999969E2,3.500000000E0,4.000000000E0
5.693546422E1,6.498416355E1,2.552106271E1,1.752270016E1,1.370000005E0,1.461999969E2,3.500000000E0,4.000000000E0
5.791285223E1,6.498414410E1,2.552107167E1,1.752268100E1,1.079999924E0,1.518000031E2,3.500000000E0,4.000000000E0
5.892815434E1,6.498413140E1,2.552108056E1,1.652266809E1,9.599999785E-1,1.553999939E2,3.500000000E0,4.000000000E0
5.992382059E1,6.498411678E1,2.552108433E1,1.752265407E1,1.220000029E0,1.548000031E2,3.500000000E0,4.000000000E0
6.093629266E1,6.498410358E1,2.552109447E1,1.652264053E1,1.090000033E0,1.541999969E2,3.500000000E0,4.000000000E0
6.193743480E1,6.498409503E1,2.552110537E1,1.652263120E1,1.009999990E0,1.491999969E2,3.500000000E0,4.000000000E0
6.293798715E1,6.498408748E1,2.552111643E1,1.652262277E1,1.019999981E0,1.460000000E2,3.500000000E0,4.000000000E0
6.394200613E1,6.498407369E1,2.552113119E1,1.652260808E1,1.029999971E0,1.506999969E2,3.500000000E0,4.000000000E0
6.494934316E1,6.498406142E1,2.552115046E1,1.652259420E1,8.499999642E-1,1.536999969E2,3.500000000E0,4.000000000E0
6.594809644E1,6.498404972E1,2.552115189E1,1.652258320E1,8.599999547E-1,1.531999969E2,3.500000000E0,4.000000000E0
6.693969086E1,6.498403895E1,2.552115482E1,1.552257285E1,8.299999833E-1,1.560000000E2,3.500000000E0,4.000000000E0
6.794245242E1,6.498402768E1,2.552116396E1,1.652256123E1,1.000000000E0,1.586000061E2,3.500000000E0,4.000000000E0
6.894308422E1,6.498401485E1,2.552117410E1,1.552254803E1,1.069999933E0,1.630000000E2,3.500000000E0,4.000000000E0
6.994901394E1,6.498399855E1,2.552118802E1,1.552253113E1,1.039999962E0,1.615000000E2,3.500000000E0,4.000000000E0
7.094335098E1,6.498398983E1,2.552119631E1,1.552252198E1,8.499999642E-1,1.561999969E2,3.500000000E0,4.000000000E0
7.194232887E1,6.498398040E1,2.552120998E1,1.552251147E1,8.100000024E-1,1.553000031E2,3.500000000E0,4.000000000E0
7.294936727E1,6.498397236E1,2.552122129E1,1.552250254E1,7.899999619E-1,1.508999939E2,3.500000000E0,4.000000000E0
7.395025246E1,6.498396305E1,2.552123361E1,1.552249232E1,7.699999809E-1,1.485000000E2,3.500000000E0,4.000000000E0
7.494304375E1,6.498395601E1,2.552124811E1,1.452248390E1,8.199999928E-1,1.481999969E2,3.500000000E0,4.000000000E0
7.591315309E1,6.498394889E1,2.552126228E1,1.452247546E1,8.199999928E-1,1.466999969E2,3.500000000E0,4.000000000E0
7.691047129E1,6.498394021E1,2.552128005E1,1.452246510E1,8.100000024E-1,1.461000061E2,3.500000000E0,4.000000000E0
7.794775453E1,6.498393288E1,2.552129555E1,1.552245628E1,7.799999714E-1,1.486999969E2,3.500000000E0,4.000000000E0
7.894744250E1,6.498392609E1,2.552130654E1,1.452244856E1,8.700000048E-1,1.491999969E2,3.500000000E0,4.000000000E0
7.994693910E1,6.498391570E1,2.552131617E1,1.452243769E1,9.199999571E-1,1.491000061E2,3.500000000E0,4.000000000E0
8.093254941E1,6.498390689E1,2.552132581E1,1.452242828E1,8.799999952E-1,1.528000031E2,3.500000000E0,4.000000000E0
8.196155043E1,6.498389315E1,2.552134015E1,1.452241369E1,9.300000072E-1,1.540000000E2,3.500000000E0,4.000000000E0
8.293331016E1,6.498387953E1,2.552135624E1,1.552239898E1,9.799999595E-1,1.556000061E2,3.500000000E0,4.000000000E0
8.392602352E1,6.498386729E1,2.552137426E1,1.552238529E1,8.399999738E-1,1.571999969E2,3.500000000E0,4.000000000E0
8.491624023E1,6.498385497E1,2.552138968E1,1.552237187E1,7.799999714E-1,1.611000061E2,3.500000000E0,4.000000000E0
8.595260820E1,6.498384428E1,2.552139681E1,1.552236105E1,8.199999928E-1,1.623999939E2,3.500000000E0,4.000000000E0
8.693403383E1,6.498383196E1,2.552140569E1,1.552234849E1,9.099999666E-1,1.713000031E2,3.000000000E0,4.000000000E0
8.794611664E1,6.498381583E1,2.552140192E1,1.552233406E1,8.899999857E-1,1.741999969E2,3.500000000E0,4.000000000E0
8.894293644E1,6.498380485E1,2.552139974E1,1.552232419E1,8.599999547E-1,1.805000000E2,3.500000000E0,4.000000000E0
8.994639172E1,6.498378867E1,2.552139429E1,1.652230994E1,8.199999928E-1,1.788000031E2,3.000000000E0,4.000000000E0
9.093899414E1,6.498377492E1,2.552139714E1,1.752229685E1,1.019999981E0,1.808999939E2,3.000000000E0,4.000000000E0
9.195108230E1,6.498376310E1,2.552139178E1,1.752228663E1,1.029999971E0,1.805000000E2,3.000000000E0,4.000000000E0
9.294231102E1,6.498375200E1,2.552139153E1,1.752227639E1,9.899999499E-1,1.776000061E2,3.000000000E0,4.000000000E0
9.393999012E1,6.498374160E1,2.552139773E1,1.852226596E1,8.399999738E-1,1.750000000E2,3.500000000E0,4.000000000E0
9.494995660E1,6.498372979E1,2.552139740E1,1.852225507E1,8.799999952E-1,1.761000061E2,3.000000000E0,4.000000000E0
9.594637867E1,6.498372191E1,2.552139496E1,2.052224811E1,8.100000024E-1,1.761999969E2,3.000000000E0,4.000000000E0
9.694698570E1,6.498371026E1,2.552138507E1,2.052223863E1,7.899999619E-1,1.833000031E2,2.500000000E0,4.000000000E0
9.791995160E1,6.498369680E1,2.552137535E1,2.052222746E1,7.699999809E-1,1.890000000E2,3.000000000E0,4.000000000E0
9.892207160E1,6.498368511E1,2.552136663E1,2.152221779E1,7.899999619E-1,1.938000031E2,2.500000000E0,4.000000000E0
9.993889520E1,6.498367379E1,2.552135557E1,2.152220878E1,7.400000095E-1,1.978999939E2,2.500000000E0,4.000000000E0
1.009216398E2,6.498366504E1,2.552134233E1,2.252220241E1,7.799999714E-1,2.016999969E2,2.500000000E0,4.000000000E0
1.019495262E2,6.498365565E1,2.552132967E1,2.352219539E1,8.399999738E-1,1.986999969E2,2.500000000E0,4.000000000E0
1.029448795E2,6.498364479E1,2.552131223E1,2.352218764E1,7.199999690E-1,2.066999969E2,3.000000000E0,4.000000000E0
1.039376992E2,6.498363578E1,2.552130067E1,2.352218083E1,7.500000000E-1,2.158000031E2,2.500000000E0,3.000000000E0
1.049631757E2,6.498362065E1,2.552128156E1,2.352216934E1,7.799999714E-1,2.170000000E2,2.500000000E0,4.000000000E0
1.059428698E2,6.498361365E1,2.552126211E1,2.352216542E1,7.299999595E-1,2.208000031E2,2.500000000E0,3.000000000E0
1.069321351E2,6.498360707E1,2.552125013E1,2.352216091E1,8.199999928E-1,2.201999969E2,3.000000000E0,4.000000000E0
1.079336300E2,6.498359781E1,2.552123210E1,2.352215471E1,8.799999952E-1,2.201000061E2,2.500000000E0,4.000000000E0
1.089352341E2,6.498358859E1,2.552122297E1,2.352214738E1,9.699999690E-1,2.175000000E2,2.500000000E0,4.000000000E0
1.099435196E2,6.498357422E1,2.552120252E1,2.252213678E1,1.069999933E0,2.190000000E2,2.500000000E0,4.000000000E0
1.109356873E2,6.498356567E1,2.552118600E1,2.252213104E1,7.999999523E-1,2.156000061E2,2.500000000E0,3.000000000E0
1.119359107E2,6.498355804E1,2.552117301E1,2.252212569E1,8.899999857E-1,2.143999939E2,2.500000000E0,3.000000000E0
1.129300118E2,6.498354798E1,2.552116103E1,2.252211796E1,9.199999571E-1,2.191999969E2,2.000000000E0,3.000000000E0
1.139279711E2,6.498353960E1,2.552115390E1,2.352211114E1,8.700000048E-1,2.203999939E2,2.000000000E0,3.000000000E0
1.149358601E2,6.498353151E1,2.552114435E1,2.352210492E1,8.700000048E-1,2.168000031E2,2.000000000E0,3.000000000E0
1.159357694E2,6.498352552E1,2.552114451E1,2.252209935E1,9.099999666E-1,2.186000061E2,2.000000000E0,3.000000000E0
1.169427775E2,6.498351655E1,2.552113253E1,2.152209263E1,8.199999928E-1,2.216000061E2,2.000000000E0,3.000000000E0
1.179440305E2,6.498350766E1,2.552112037E1,2.152208601E1,8.199999928E-1,2.168999939E2,2.500000000E0,3.000000000E0
1.189355317E2,6.498349907E1,2.552111266E1,2.152207908E1,8.100000024E-1,2.090000000E2,2.000000000E0,3.000000000E0
1.199563493E2,6.498348390E1,2.552111199E1,2.252206514E1,8.100000024E-1,2.021999969E2,2.000000000E0,3.000000000E0
1.209386833E2,6.498346844E1,2.552112071E1,2.252204969E1,8.599999547E-1,2.005000000E2,2.000000000E0,3.000000000E0
1.219291183E2,6.498345599E1,2.552110923E1,2.352203969E1,8.799999952E-1,2.021000061E2,2.500000000E0,3.000000000E0
1.229410068E2,6.498344803E1,2.552110319E1,2.352203311E1,8.100000024E-1,2.013000031E2,2.000000000E0,3.000000000E0
1.239265735E2,6.498343763E1,2.552109682E1,2.252202434E1,1.000000000E0,2.001000061E2,2.000000000E0,3.000000000E0
1.249371413E2,6.498342569E1,2.552109137E1,2.252201401E1,1.039999962E0,1.961000061E2,2.000000000E0,3.000000000E0
1.259302087E2,6.498341467E1,2.552108810E1,2.252200424E1,9.099999666E-1,1.960000000E2,2.000000000E0,3.000000000E0
1.269451896E2,6.498340566E1,2.552108383E1,2.252199647E1,9.599999785E-1,1.983999939E2,2.000000000E0,3.000000000E0
1.279421495E2,6.498339518E1,2.552107813E1,2.352198753E1,1.059999943E0,1.951000061E2,2.000000000E0,3.000000000E0
1.289487408E2,6.498338458E1,2.552107771E1,2.352197778E1,1.120000005E0,1.941999969E2,2.000000000E0,3.000000000E0
1.299332582E2,6.498337184E1,2.552107050E1,2.352196694E1,1.179999948E0,1.930000000E2,2.000000000E0,3.000000000E0
1.309420426E2,6.498336044E1,2.552106396E1,2.352195726E1,1.029999971E0,1.893999939E2,2.000000000E0,3.000000000E0
1.319505184E2,6.498334862E1,2.552105927E1,2.352194695E1,1.090000033E0,1.913000031E2,2.000000000E0,3.000000000E0
1.329418273E2,6.498333739E1,2.552105181E1,2.352193754E1,1.029999971E0,1.923999939E2,2.000000000E0,3.000000000E0
1.339353543E2,6.498332561E1,2.552104544E1,2.352192749E1,1.029999971E0,1.956000061E2,2.000000000E0,3.000000000E0
1.349458521E2,6.498331237E1,2.552103672E1,2.352191638E1,1.100000024E0,1.963999939E2,2.000000000E0,3.000000000E0
1.359429108E2,6.498329891E1,2.552102750E1,2.352190515E1,1.019999981E0,1.966000061E2,2.000000000E0,3.000000000E0
1.369427689E2,6.498328957E1,2.552102029E1,2.352189746E1,7.400000095E-1,1.991999969E2,2.000000000E0,3.000000000E0
1.379418898E2,6.498328026E1,2.552101409E1,2.352188967E1,9.099999666E-1,1.946000061E2,2.000000000E0,3.000000000E0
1.389429900E2,6.498326891E1,2.552100328E1,2.352188059E1,9.699999690E-1,1.945000000E2,2.500000000E0,3.000000000E0
1.399361550E2,6.498325751E1,2.552099355E1,2.252187132E1,9.799999595E-1,1.963999939E2,2.500000000E0,3.000000000E0
1.409423243E2,6.498324607E1,2.552098534E1,2.252186182E1,1.069999933E0,2.001999969E2,2.500000000E0,3.000000000E0
1.419394595E2,6.498323215E1,2.552097562E1,2.252185023E1,1.100000024E0,2.008999939E2,2.500000000E0,3.000000000E0
1.429328736E2,6.498321782E1,2.552096405E1,2.252183850E1,1.049999952E0,2.005000000E2,2.500000000E0,3.000000000E0
1.439301257E2,6.498320571E1,2.552095424E1,2.152182858E1,1.189999938E0,1.985000000E2,2.500000000E0,3.000000000E0
1.449401802E2,6.498319154E1,2.552094838E1,2.152181626E1,9.799999595E-1,1.953000031E2,2.500000000E0,3.000000000E0
1.459455518E2,6.498317872E1,2.552094435E1,2.152180493E1,1.110000014E0,1.938999939E2,2.500000000E0,3.000000000E0
1.469433599E2,6.498316568E1,2.552093832E1,2.152179366E1,1.029999971E0,1.966000061E2,2.500000000E0,3.000000000E0
1.479442094E2,6.498315156E1,2.552093362E1,2.152178122E1,9.499999881E-1,1.956000061E2,2.000000000E0,3.000000000E0
1.489472484E2,6.498313903E1,2.552092952E1,2.152177017E1,8.899999857E-1,1.963999939E2,2.000000000E0,3.000000000E0
1.499470134E2,6.498312922E1,2.552092055E1,2.152176228E1,8.499999642E-1,2.023000031E2,2.000000000E0,3.000000000E0
1.509512448E2,6.498311900E1,2.552091108E1,2.152175407E1,1.009999990E0,2.016999969E2,2.000000000E0,3.000000000E0
1.519419830E2,6.498310479E1,2.552090127E1,2.152174222E1,1.240000010E0,1.976000061E2,2.000000000E0,3.000000000E0
1.529461473E2,6.498308836E1,2.552089155E1,2.152172831E1,1.069999933E0,1.996000061E2,2.500000000E0,3.000000000E0
1.539396822E2,6.498307503E1,2.552088174E1,2.152171727E1,1.090000033E0,2.028000031E2,2.500000000E0,3.000000000E0
1.549529807E2,6.498306141E1,2.552086942E1,2.152170630E1,1.139999986E0,2.061999969E2,2.500000000E0,3.000000000E0
1.559445480E2,6.498304796E1,2.552085869E1,2.052169527E1,1.000000000E0,2.051999969E2,2.500000000E0,3.000000000E0
1.569538875E2,6.498303627E1,2.552085048E1,2.052168553E1,9.899999499E-1,2.046000061E2,2.500000000E0,3.000000000E0
1.579419255E2,6.498302281E1,2.552083857E1,2.052167466E1,1.069999933E0,2.051000061E2,2.500000000E0,3.000000000E0
1.589516709E2,6.498300982E1,2.552082935E1,2.052166386E1,1.230000019E0,1.991999969E2,2.500000000E0,3.000000000E0
1.599375323E2,6.498299566E1,2.552082449E1,2.052165140E1,1.189999938E0,1.958999939E2,2.500000000E0,3.000000000E0
1.609434861E2,6.498298250E1,2.552081116E1,2.052164098E1,1.240000010E0,1.926999969E2,2.500000000E0,3.000000000E0
1.619475315E2,6.498296703E1,2.552080161E1,2.052162794E1,1.339999914E0,1.961999969E2,2.500000000E0,3.000000000E0
1.629438152E2,6.498295077E1,2.552078954E1,2.052161449E1,1.250000000E0,1.988999939E2,2.500000000E0,3.000000000E0
1.639420979E2,6.498293606E1,2.552077856E1,2.052160233E1,1.209999919E0,1.990000000E2,2.000000000E0,3.000000000E0
1.649570325E2,6.498292475E1,2.552076892E1,2.052159313E1,1.079999924E0,1.993999939E2,2.000000000E0,3.000000000E0
1.659427971E2,6.498291251E1,2.552075903E1,1.952158312E1,1.129999995E0,2.011999969E2,2.000000000E0,3.000000000E0
1.669430345E2,6.498290211E1,2.552075065E1,2.052157461E1,1.139999986E0,2.011000061E2,2.000000000E0,3.000000000E0
1.679505049E2,6.498288845E1,2.552074101E1,2.052156324E1,1.220000029E0,2.048999939E2,2.000000000E0,3.000000000E0
1.689430451E2,6.498287718E1,2.552073120E1,2.052155411E1,1.250000000E0,2.063000031E2,2.000000000E0,3.000000000E0
1.699457741E2,6.498286347E1,2.552071955E1,2.052154297E1,1.149999976E0,2.063999939E2,2.000000000E0,3.000000000E0
1.709521864E2,6.498285082E1,2.552070564E1,2.052153309E1,1.169999957E0,2.076000061E2,2.000000000E0,3.000000000E0
1.719403773E2,6.498283908E1,2.552069415E1,2.052152375E1,9.300000072E-1,2.080000000E2,2.500000000E0,3.000000000E0
1.729355665E2,6.498282735E1,2.552068451E1,2.052151417E1,1.189999938E0,2.046000061E2,2.500000000E0,3.000000000E0
1.739306013E2,6.498281641E1,2.552067521E1,2.052150528E1,1.039999962E0,2.010000000E2,2.500000000E0,3.000000000E0
1.749406693E2,6.498280652E1,2.552066976E1,2.052149685E1,7.599999905E-1,1.940000000E2,2.500000000E0,3.000000000E0
1.759256594E2,6.498279667E1,2.552066507E1,2.052148836E1,8.799999952E-1,1.915000000E2,2.500000000E0,3.000000000E0
1.769273807E2,6.498278460E1,2.552065820E1,2.052147810E1,9.899999499E-1,1.925000000E2,2.500000000E0,3.000000000E0
1.779371374E2,6.498277291E1,2.552065426E1,2.052146781E1,1.129999995E0,1.931999969E2,2.500000000E0,3.000000000E0
1.789358667E2,6.498276117E1,2.552064562E1,2.052145809E1,1.069999933E0,1.930000000E2,2.500000000E0,3.000000000E0
1.799251871E2,6.498275015E1,2.552063473E1,2.052144934E1,9.199999571E-1,1.976999969E2,2.500000000E0,3.000000000E0
1.809390188E2,6.498273921E1,2.552061939E1,2.052144124E1,9.300000072E-1,1.996000061E2,2.500000000E0,3.000000000E0
1.819428453E2,6.498273029E1,2.552060782E1,2.052143451E1,8.499999642E-1,2.041000061E2,2.500000000E0,3.000000000E0
1.829163238E2,6.498271599E1,2.552059877E1,1.952142248E1,1.059999943E0,2.055000000E2,2.500000000E0,3.000000000E0
1.839436403E2,6.498270246E1,2.552058913E1,1.952141124E1,1.199999928E0,2.026000061E2,2.500000000E0,3.000000000E0
1.849453035E2,6.498268955E1,2.552057907E1,1.952140062E1,1.259999990E0,2.016000061E2,2.500000000E0,3.000000000E0
1.859400865E2,6.498267614E1,2.552056432E1,1.952139016E1,1.269999981E0,2.008999939E2,2.500000000E0,3.000000000E0
1.869440575E2,6.498266407E1,2.552054814E1,1.952138113E1,1.339999914E0,2.078000031E2,2.500000000E0,3.000000000E0
1.879412948E2,6.498265196E1,2.552053180E1,1.952137209E1,1.379999995E0,2.013999939E2,2.500000000E0,3.000000000E0
1.889375811E2,6.498264098E1,2.552052341E1,1.952136304E1,9.499999881E-1,2.013999939E2,2.500000000E0,3.000000000E0
1.899533909E2,6.498263318E1,2.552050908E1,1.952135771E1,9.099999666E-1,2.031000061E2,2.500000000E0,3.000000000E0
1.909452163E2,6.498262316E1,2.552049131E1,1.952135079E1,7.500000000E-1,2.083999939E2,2.500000000E0,3.000000000E0
1.919437204E2,6.498261407E1,2.552047472E1,1.952134457E1,5.999999642E-1,2.083999939E2,2.500000000E0,3.000000000E0
1.929426488E2,6.498260686E1,2.552046508E1,1.952133917E1,5.600000024E-1,2.120000000E2,2.500000000E0,3.000000000E0
1.939566060E2,6.498259978E1,2.552045443E1,1.952133402E1,7.799999714E-1,2.128999939E2,2.500000000E0,3.000000000E0
1.949433011E2,6.498258737E1,2.552044655E1,1.952132359E1,9.599999785E-1,2.085000000E2,2.500000000E0,3.000000000E0
1.959427295E2,6.498257413E1,2.552043473E1,1.952131290E1,1.000000000E0,2.046000061E2,2.500000000E0,3.000000000E0
1.969485096E2,6.498256164E1,2.552042786E1,1.952130226E1,1.169999957E0,1.986999969E2,2.500000000E0,3.000000000E0
1.979487352E2,6.498255033E1,2.552041378E1,1.952129365E1,1.079999924E0,1.998000031E2,2.500000000E0,3.000000000E0
1.989491496E2,6.498253746E1,2.552040422E1,1.952128301E1,1.199999928E0,2.018999939E2,2.500000000E0,3.000000000E0
1.999399260E2,6.498252216E1,2.552039165E1,1.852127052E1,1.139999986E0,2.003000031E2,2.500000000E0,3.000000000E0
2.009383198E2,6.498250879E1,2.552038394E1,1.852125918E1,1.129999995E0,2.006000061E2,2.500000000E0,3.000000000E0
2.019368848E2,6.498249777E1,2.552037816E1,1.952124975E1,9.399999976E-1,2.018999939E2,2.500000000E0,3.000000000E0
2.029456024E2,6.498248792E1,2.552036709E1,1.952124210E1,1.129999995E0,1.993000031E2,2.500000000E0,3.000000000E0
2.039198846E2,6.498247828E1,2.552035167E1,1.952123522E1,9.399999976E-1,2.061999969E2,2.500000000E0,3.000000000E0
2.049423691E2,6.498246931E1,2.552033423E1,1.852122922E1,1.019999981E0,2.101000061E2,2.500000000E0,3.000000000E0
2.059583325E2,6.498245980E1,2.552032518E1,1.852122162E1,1.009999990E0,2.128999939E2,2.500000000E0,3.000000000E0
2.069503890E2,6.498245079E1,2.552031152E1,1.852121508E1,1.000000000E0,2.131000061E2,2.500000000E0,3.000000000E0
2.079502562E2,6.498243771E1,2.552030004E1,1.852120451E1,1.169999957E0,2.098999939E2,2.500000000E0,3.000000000E0
2.089367842E2,6.498242669E1,2.552028470E1,1.852119634E1,1.259999990E0,2.126999969E2,2.500000000E0,3.000000000E0
2.099348192E2,6.498241676E1,2.552027204E1,1.852118882E1,1.149999976E0,2.110000000E2,2.500000000E0,3.000000000E0
2.109380890E2,6.498240544E1,2.552025989E1,1.852117996E1,9.599999785E-1,2.091999969E2,2.500000000E0,3.000000000E0
2.119598248E2,6.498239547E1,2.552025176E1,1.852117181E1,1.100000024E0,2.021999969E2,2.500000000E0,3.000000000E0
2.129412332E2,6.498238348E1,2.552024195E1,1.752116202E1,1.129999995E0,2.021000061E2,2.500000000E0,3.000000000E0
2.139387152E2,6.498236936E1,2.552023298E1,1.852115014E1,1.079999924E0,2.011999969E2,2.500000000E0,3.000000000E0
2.149504700E2,6.498235645E1,2.552022762E1,1.852113891E1,1.059999943E0,1.985000000E2,2.500000000E0,3.000000000E0
2.159361379E2,6.498234354E1,2.552021873E1,1.852112815E1,9.799999595E-1,1.981999969E2,2.500000000E0,3.000000000E0
2.169367746E2,6.498233194E1,2.552020725E1,1.752111893E1,9.699999690E-1,1.981999969E2,2.500000000E0,3.000000000E0
2.179540923E2,6.498232150E1,2.552019853E1,1.752111043E1,9.499999881E-1,2.008000031E2,2.500000000E0,3.000000000E0
2.189385713E2,6.498230993E1,2.552019241E1,1.752110054E1,1.049999952E0,2.008000031E2,2.500000000E0,3.000000000E0
2.199426378E2,6.498229547E1,2.552018227E1,1.752108851E1,1.179999948E0,1.983999939E2,2.500000000E0,3.000000000E0
2.209438856E2,6.498228399E1,2.552017272E1,1.752107915E1,1.009999990E0,1.966999969E2,2.500000000E0,3.000000000E0
2.219479068E2,6.498227322E1,2.552016341E1,1.752107042E1,1.069999933E0,1.966999969E2,2.500000000E0,3.000000000E0
2.229439447E2,6.498225989E1,2.552015126E1,1.752105970E1,1.100000024E0,1.935000000E2,2.500000000E0,3.000000000E0
2.239542930E2,6.498224778E1,2.552014346E1,1.752104953E1,9.099999666E-1,1.928000031E2,2.500000000E0,3.000000000E0
2.249442701E2,6.498223856E1,2.552013843E1,1.852104167E1,8.999999762E-1,1.868999939E2,2.500000000E0,3.000000000E0
2.259434568E2,6.498222536E1,2.552013583E1,1.752102980E1,7.899999619E-1,1.813999939E2,2.500000000E0,3.000000000E0
2.269421658E2,6.498221492E1,2.552013324E1,1.752102050E1,8.299999833E-1,1.823000031E2,2.500000000E0,3.000000000E0
2.279373541E2,6.498220256E1,2.552012879E1,1.752100965E1,1.000000000E0,1.850000000E2,2.500000000E0,3.000000000E0
2.289336675E2,6.498218990E1,2.552012636E1,1.752099827E1,9.799999595E-1,1.893999939E2,2.500000000E0,3.000000000E0
2.299351813E2,6.498217813E1,2.552012217E1,1.752098794E1,1.069999933E0,1.905000000E2,2.500000000E0,3.000000000E0
2.309499204E2,6.498216459E1,2.552011639E1,1.752097618E1,1.149999976E0,1.895000000E2,2.500000000E0,3.000000000E0
2.319108582E2,6.498215231E1,2.552011027E1,1.752096564E1,1.039999962E0,1.861000061E2,2.500000000E0,3.000000000E0
2.329460888E2,6.498214179E1,2.552010608E1,1.852095646E1,1.019999981E0,1.853999939E2,2.500000000E0,3.000000000E0
2.339550583E2,6.498213060E1,2.552009912E1,1.752094704E1,9.599999785E-1,1.845000000E2,2.500000000E0,3.000000000E0
2.349433482E2,6.498211891E1,2.552009451E1,1.852093683E1,9.099999666E-1,1.818000031E2,2.500000000E0,3.000000000E0
2.359582014E2,6.498210604E1,2.552008940E1,1.852092561E1,1.120000005E0,1.838000031E2,2.500000000E0,3.000000000E0
2.369443027E2,6.498209351E1,2.552008412E1,1.852091472E1,1.129999995E0,1.828999939E2,2.500000000E0,3.000000000E0
2.379391808E2,6.498208350E1,2.552008353E1,1.852090554E1,1.049999952E0,1.810000000E2,2.500000000E0,3.000000000E0
2.389301435E2,6.498207222E1,2.552007456E1,1.852089630E1,8.899999857E-1,1.848999939E2,2.500000000E0,3.000000000E0
2.399479248E2,6.498206346E1,2.552006735E1,1.852088915E1,6.800000072E-1,1.913999939E2,2.500000000E0,3.000000000E0
2.409338823E2,6.498206078E1,2.552005352E1,1.852088850E1,6.800000072E-1,2.071000061E2,2.500000000E0,3.000000000E0
2.419446147E2,6.498205781E1,2.552004238E1,1.852088721E1,7.199999690E-1,2.405000000E2,2.500000000E0,3.000000000E0
2.429433478E2,6.498205366E1,2.552002184E1,1.852088609E1,6.899999976E-1,2.545000000E2,2.500000000E0,4.000000000E0
2.439461181E2,6.498204833E1,2.552000265E1,1.852088369E1,1.199999928E0,2.518999939E2,2.500000000E0,4.000000000E0
2.449476216E2,6.498203777E1,2.551997985E1,1.852087694E1,1.120000005E0,2.438999939E2,2.500000000E0,4.000000000E0
2.459514916E2,6.498202922E1,2.551995906E1,1.852087177E1,9.899999499E-1,2.293000031E2,2.500000000E0,4.000000000E0
2.469514171E2,6.498202097E1,2.551994372E1,1.852086616E1,7.699999809E-1,2.218999939E2,2.500000000E0,4.000000000E0
2.479449013E2,6.498201380E1,2.551993375E1,1.852086085E1,7.400000095E-1,2.133999939E2,2.500000000E0,4.000000000E0
2.489353075E2,6.498200944E1,2.551992285E1,1.852085826E1,7.599999905E-1,2.086999969E2,2.500000000E0,4.000000000E0
2.499449623E2,6.498200512E1,2.551990684E1,1.852085638E1,6.599999666E-1,2.070000000E2,2.500000000E0,4.000000000E0
2.509587607E2,6.498199901E1,2.551989653E1,1.852085208E1,8.100000024E-1,2.070000000E2,2.500000000E0,4.000000000E0
2.519213637E2,6.498199142E1,2.551988488E1,1.852084661E1,8.100000024E-1,2.095000000E2,2.500000000E0,4.000000000E0
2.529355123E2,6.498198480E1,2.551987197E1,1.852084219E1,8.499999642E-1,2.101999969E2,2.500000000E0,4.000000000E0
2.539385195E2,6.498197671E1,2.551985295E1,1.852083722E1,8.100000024E-1,2.150000000E2,2.500000000E0,4.000000000E0
2.549450514E2,6.498197017E1,2.551983425E1,1.852083364E1,8.700000048E-1,2.181000061E2,2.500000000E0,4.000000000E0
2.559537361E2,6.498196242E1,2.551982319E1,1.952082793E1,8.299999833E-1,2.173999939E2,2.500000000E0,4.000000000E0
2.569507940E2,6.498195609E1,2.551980743E1,1.852082416E1,8.599999547E-1,2.158999939E2,2.500000000E0,4.000000000E0
2.579533295E2,6.498194989E1,2.551979377E1,1.852082022E1,8.100000024E-1,2.151999969E2,2.500000000E0,4.000000000E0
2.589430588E2,6.498194125E1,2.551977944E1,1.852081413E1,8.999999762E-1,2.085000000E2,2.500000000E0,4.000000000E0
2.599475984E2,6.498193174E1,2.551976896E1,1.852080672E1,7.400000095E-1,2.048999939E2,2.500000000E0,4.000000000E0
2.609490723E2,6.498192294E1,2.551975655E1,1.852080022E1,6.699999571E-1,2.038000031E2,2.500000000E0,4.000000000E0
2.619418618E2,6.498191561E1,2.551974499E1,1.852079497E1,8.100000024E-1,2.061000061E2,2.500000000E0,4.000000000E0
2.629471307E2,6.498190857E1,2.551973350E1,1.852078997E1,7.799999714E-1,2.043999939E2,2.500000000E0,4.000000000E0
2.639427973E2,6.498189905E1,2.551972621E1,1.952078214E1,8.499999642E-1,1.968000031E2,2.500000000E0,4.000000000E0
2.649523841E2,6.498189184E1,2.551971389E1,1.952077710E1,7.500000000E-1,1.995000000E2,2.500000000E0,4.000000000E0
2.659545529E2,6.498188409E1,2.551970366E1,1.952077128E1,7.099999785E-1,2.026000061E2,2.500000000E0,4.000000000E0
2.669400375E2,6.498187533E1,2.551969294E1,1.852076460E1,8.999999762E-1,2.035000000E2,2.500000000E0,4.000000000E0
2.679156518E2,6.498186322E1,2.551968237E1,1.852075480E1,1.149999976E0,2.103999939E2,2.500000000E0,4.000000000E0
2.689437297E2,6.498185241E1,2.551966703E1,1.852074682E1,1.019999981E0,2.178000031E2,2.500000000E0,4.000000000E0
2.699401153E2,6.498184185E1,2.551965354E1,1.852073884E1,9.399999976E-1,2.153000031E2,2.500000000E0,4.000000000E0
2.709330839E2,6.498183258E1,2.551964373E1,1.852073157E1,8.499999642E-1,2.086999969E2,2.500000000E0,4.000000000E0
2.719458757E2,6.498182076E1,2.551963317E1,1.852072204E1,8.700000048E-1,1.996000061E2,2.500000000E0,4.000000000E0
2.729423030E2,6.498181318E1,2.551962697E1,1.852071585E1,7.199999690E-1,1.978999939E2,2.500000000E0,4.000000000E0
2.739421929E2,6.498180455E1,2.551962186E1,1.852070854E1,5.500000119E-1,1.926000061E2,2.500000000E0,4.000000000E0
2.749507726E2,6.498179612E1,2.551961842E1,1.852070121E1,6.899999976E-1,1.863999939E2,2.500000000E0,4.000000000E0
2.759313139E2,6.498178803E1,2.551961171E1,1.852069462E1,6.499999762E-1,1.831000061E2,2.500000000E0,4.000000000E0
2.769432355E2,6.498177722E1,2.551960786E1,1.852068513E1,7.799999714E-1,1.858999939E2,2.500000000E0,4.000000000E0
2.779554572E2,6.498176528E1,2.551960090E1,1.852067501E1,7.400000095E-1,1.908000031E2,2.500000000E0,4.000000000E0
2.789441207E2,6.498175677E1,2.551959135E1,1.852066840E1,7.099999785E-1,1.981999969E2,3.000000000E0,4.000000000E0
2.799525389E2,6.498174847E1,2.551958405E1,1.752066170E1,6.599999666E-1,1.975000000E2,3.000000000E0,4.000000000E0
2.809439891E2,6.498173837E1,2.551957291E1,1.752065383E1,6.999999881E-1,1.996000061E2,3.000000000E0,4.000000000E0
2.819450694E2,6.498172886E1,2.551955773E1,1.752064704E1,8.299999833E-1,2.051000061E2,3.000000000E0,4.000000000E0
2.829461438E2,6.498172060E1,2.551954072E1,1.752064165E1,7.799999714E-1,2.096000061E2,3.000000000E0,4.000000000E0
2.839477227E2,6.498171197E1,2.551953075E1,1.752063499E1,8.899999857E-1,2.075000000E2,3.000000000E0,4.000000000E0
2.849551121E2,6.498170178E1,2.551951935E1,1.752062708E1,7.500000000E-1,2.058999939E2,3.000000000E0,4.000000000E0
2.859476783E2,6.498169206E1,2.551950962E1,1.752061937E1,7.999999523E-1,1.996000061E2,3.000000000E0,4.000000000E0
2.869439686E2,6.498168360E1,2.551950292E1,1.752061243E1,6.999999881E-1,1.940000000E2,3.000000000E0,4.000000000E0
2.879539381E2,6.498167710E1,2.551948775E1,1.752060843E1,7.299999595E-1,1.908999939E2,2.500000000E0,4.000000000E0
2.889230824E2,6.498166704E1,2.551947769E1,1.752060046E1,9.199999571E-1,1.915000000E2,3.000000000E0,4.000000000E0
2.899505726E2,6.498165698E1,2.551946562E1,1.752059276E1,9.899999499E-1,1.876999969E2,2.500000000E0,4.000000000E0
2.909360528E2,6.498164680E1,2.551945858E1,1.752058427E1,9.899999499E-1,1.871000061E2,2.500000000E0,4.000000000E0
2.919388989E2,6.498163402E1,2.551944869E1,1.752057376E1,1.000000000E0,1.880000000E2,2.500000000E0,4.000000000E0
2.929286070E2,6.498161985E1,2.551943754E1,1.752056214E1,1.220000029E0,1.935000000E2,2.500000000E0,4.000000000E0
2.939492175E2,6.498160602E1,2.551942312E1,1.752055126E1,1.069999933E0,1.980000000E2,2.500000000E0,4.000000000E0
2.949385614E2,6.498159508E1,2.551941155E1,1.752054267E1,9.699999690E-1,2.013000031E2,3.000000000E0,4.000000000E0
2.959386061E2,6.498158528E1,2.551940116E1,1.652053498E1,6.699999571E-1,2.026000061E2,3.000000000E0,4.000000000E0
2.969425117E2,6.498157572E1,2.551939446E1,1.652052704E1,7.099999785E-1,1.973000031E2,3.000000000E0,4.000000000E0
2.979407436E2,6.498156491E1,2.551939202E1,1.652051736E1,7.299999595E-1,1.951000061E2,3.000000000E0,4.000000000E0
2.989337311E2,6.498155317E1,2.551938976E1,1.652050681E1,1.100000024E0,1.863000031E2,3.000000000E0,4.000000000E0
2.999485577E2,6.498153897E1,2.551938205E1,1.652049470E1,1.069999933E0,1.841999969E2,3.000000000E0,4.000000000E0
3.009430183E2,6.498152484E1,2.551937342E1,1.652048279E1,1.029999971E0,1.843999939E2,3.000000000E0,4.000000000E0
3.019365831E2,6.498151131E1,2.551937115E1,1.652047057E1,7.599999905E-1,1.801999969E2,3.000000000E0,4.000000000E0
3.029402218E2,6.498150288E1,2.551937216E1,1.652046265E1,6.599999666E-1,1.765000000E2,3.000000000E0,4.000000000E0
3.039596199E2,6.498149203E1,2.551936931E1,1.652045300E1,6.200000048E-1,1.746000061E2,3.000000000E0,4.000000000E0
3.049556772E2,6.498148302E1,2.551936378E1,1.652044540E1,7.500000000E-1,1.763999939E2,3.000000000E0,4.000000000E0
3.059417741E2,6.498147049E1,2.551935833E1,1.552043454E1,8.999999762E-1,1.783999939E2,3.000000000E0,4.000000000E0
3.069585050E2,6.498146068E1,2.551935540E1,1.552042586E1,8.499999642E-1,1.828000031E2,3.000000000E0,4.000000000E0
3.079507152E2,6.498144936E1,2.551934810E1,1.552041636E1,8.100000024E-1,1.876999969E2,3.000000000E0,4.000000000E0
3.089325123E2,6.498143805E1,2.551934727E1,1.652040602E1,9.199999571E-1,1.908999939E2,3.000000000E0,4.000000000E0
3.099533548E2,6.498142711E1,2.551934006E1,1.652039686E1,9.099999666E-1,1.938000031E2,3.000000000E0,4.000000000E0
3.109471167E2,6.498141361E1,2.551933612E1,1.652038490E1,8.799999952E-1,1.940000000E2,3.000000000E0,4.000000000E0
3.119441436E2,6.498140192E1,2.551932757E1,1.752037523E1,1.000000000E0,1.933000031E2,3.000000000E0,4.000000000E0
3.129497163E2,6.498139040E1,2.551931634E1,1.752036606E1,7.199999690E-1,1.960000000E2,3.000000000E0,4.000000000E0
3.139511511E2,6.498137887E1,2.551931307E1,1.752035584E1,7.899999619E-1,1.943999939E2,3.000000000E0,4.000000000E0
3.149563404E2,6.498136605E1,2.551931265E1,1.852034404E1,8.999999762E-1,1.970000000E2,3.000000000E0,4.000000000E0
3.159500610E2,6.498135234E1,2.551930485E1,1.852033240E1,9.499999881E-1,1.978999939E2,3.000000000E0,4.000000000E0
3.169401574E2,6.498133893E1,2.551929521E1,1.852032128E1,9.899999499E-1,1.963999939E2,3.000000000E0,4.000000000E0
3.179490529E2,6.498132548E1,2.551928943E1,1.952030961E1,9.300000072E-1,1.950000000E2,3.000000000E0,4.000000000E0
3.189575935E2,6.498131253E1,2.551927820E1,1.952029912E1,1.069999933E0,1.921999969E2,3.000000000E0,4.000000000E0
3.199476683E2,6.498130021E1,2.551927057E1,1.952028874E1,9.599999785E-1,1.913999939E2,3.000000000E0,4.000000000E0
3.209419992E2,6.498128969E1,2.551926236E1,1.952028011E1,6.499999762E-1,1.926000061E2,3.000000000E0,4.000000000E0
3.219375848E2,6.498127854E1,2.551925490E1,1.952027079E1,9.300000072E-1,1.971000061E2,3.000000000E0,4.000000000E0
3.229502929E2,6.498127053E1,2.551924434E1,1.952026478E1,8.599999547E-1,2.048999939E2,3.000000000E0,4.000000000E0
3.239443498E2,6.498126328E1,2.551922908E1,1.952026010E1,8.399999738E-1,2.146999969E2,3.000000000E0,4.000000000E0
3.249363630E2,6.498125444E1,2.551920922E1,1.952025455E1,9.199999571E-1,2.236000061E2,3.000000000E0,4.000000000E0
3.259374879E2,6.498124610E1,2.551919379E1,1.952024888E1,7.699999809E-1,2.278999939E2,3.000000000E0,4.000000000E0
3.269343753E2,6.498123583E1,2.551917225E1,1.952024223E1,8.799999952E-1,2.240000000E2,3.000000000E0,4.000000000E0
3.279265755E2,6.498122812E1,2.551916647E1,2.052023587E1,8.199999928E-1,2.176999969E2,3.000000000E0,4.000000000E0
3.289464527E2,6.498121932E1,2.551914836E1,2.052023013E1,6.699999571E-1,2.193000031E2,3.000000000E0,4.000000000E0
3.299378113E2,6.498121102E1,2.551913411E1,2.052022434E1,6.899999976E-1,2.241000061E2,3.000000000E0,4.000000000E0
3.309538632E2,6.498120335E1,2.551911433E1,2.052021986E1,8.799999952E-1,2.291999969E2,3.000000000E0,4.000000000E0
3.319342323E2,6.498119736E1,2.551909472E1,2.052021692E1,7.500000000E-1,2.366999969E2,3.000000000E0,4.000000000E0
3.329463905E2,6.498119351E1,2.551907385E1,2.052021611E1,7.699999809E-1,2.460000000E2,3.000000000E0,4.000000000E0
3.339442396E2,6.498119154E1,2.551905340E1,2.052021699E1,7.099999785E-1,2.545000000E2,3.000000000E0,4.000000000E0
3.349512810E2,6.498119170E1,2.551903579E1,2.052021947E1,7.999999523E-1,2.625000000E2,3.000000000E0,4.000000000E0
3.359337022E2,6.498119099E1,2.551901249E1,2.052022189E1,9.099999666E-1,2.695000000E2,3.000000000E0,4.000000000E0
3.369357438E2,6.498119011E1,2.551898651E1,2.052022451E1,9.099999666E-1,2.726000061E2,3.000000000E0,4.000000000E0
3.379291390E2,6.498118835E1,2.551896203E1,2.052022612E1,9.899999499E-1,2.707999878E2,3.000000000E0,4.000000000E0
3.389535128E2,6.498118496E1,2.551893102E1,2.052022708E1,1.019999981E0,2.657000122E2,3.000000000E0,4.000000000E0
3.399472397E2,6.498118227E1,2.551891183E1,2.152022713E1,8.399999738E-1,2.672000122E2,3.000000000E0,4.000000000E0
3.409509012E2,6.498118265E1,2.551889171E1,2.052023014E1,7.599999905E-1,2.725000000E2,3.000000000E0,4.000000000E0
3.419442379E2,6.498118005E1,2.551886321E1,2.052023150E1,9.699999690E-1,2.737000122E2,3.000000000E0,4.000000000E0
3.429424577E2,6.498118324E1,2.551883505E1,2.152023817E1,9.300000072E-1,2.806000061E2,3.000000000E0,4.000000000E0
3.439579595E2,6.498118491E1,2.551880839E1,2.052024324E1,8.999999762E-1,2.826000061E2,3.000000000E0,4.000000000E0
3.449581970E2,6.498118529E1,2.551878543E1,2.152024662E1,8.299999833E-1,2.802999878E2,3.000000000E0,4.000000000E0
3.459502660E2,6.498118261E1,2.551875911E1,2.152024762E1,8.799999952E-1,2.760000000E2,3.000000000E0,4.000000000E0
3.469542194E2,6.498118370E1,2.551873270E1,2.152025211E1,7.899999619E-1,2.732999878E2,3.000000000E0,4.000000000E0
3.479416107E2,6.498118634E1,2.551871133E1,2.152025737E1,9.099999666E-1,2.753999939E2,3.000000000E0,4.000000000E0
3.489447368E2,6.498118936E1,2.551868786E1,2.152026326E1,8.499999642E-1,2.752999878E2,3.000000000E0,4.000000000E0
3.499436428E2,6.498118915E1,2.551866087E1,2.152026663E1,1.009999990E0,2.751000061E2,3.000000000E0,4.000000000E0
3.509418301E2,6.498118986E1,2.551862667E1,2.152027181E1,1.110000014E0,2.736000061E2,3.000000000E0,4.000000000E0
3.519336677E2,6.498119154E1,2.551859499E1,2.052027754E1,1.100000024E0,2.751000061E2,3.000000000E0,4.000000000E0
3.529375218E2,6.498119275E1,2.551857035E1,2.052028192E1,7.999999523E-1,2.742000122E2,3.000000000E0,4.000000000E0
3.539531006E2,6.498119673E1,2.551854361E1,2.052028913E1,7.899999619E-1,2.730000000E2,3.000000000E0,4.000000000E0
3.549407922E2,6.498119895E1,2.551852165E1,2.052029409E1,7.599999905E-1,2.778999939E2,3.000000000E0,4.000000000E0
3.559470319E2,6.498120277E1,2.551850203E1,2.052030020E1,8.899999857E-1,2.862000122E2,3.000000000E0,4.000000000E0
3.569550447E2,6.498120423E1,2.551847395E1,2.052030527E1,9.499999881E-1,2.907000122E2,3.000000000E0,4.000000000E0
3.579468261E2,6.498120951E1,2.551845216E1,2.052031302E1,7.599999905E-1,2.900000000E2,3.000000000E0,4.000000000E0
3.589570561E2,6.498121215E1,2.551842794E1,2.052031866E1,7.599999905E-1,2.863999939E2,3.000000000E0,4.000000000E0
3.599437053E2,6.498121102E1,2.551840707E1,2.052032037E1,4.799999893E-1,2.867999878E2,3.000000000E0,4.000000000E0
3.609439020E2,6.498121203E1,2.551838762E1,2.052032387E1,5.699999928E-1,2.825000000E2,3.000000000E0,4.000000000E0
3.619478296E2,6.498121488E1,2.551836943E1,2.052032891E1,4.399999976E-1,2.822000122E2,3.000000000E0,4.000000000E0
3.629386472E2,6.498121744E1,2.551835158E1,2.052033363E1,3.999999762E-1,2.822000122E2,3.000000000E0,4.000000000E0
3.639531256E2,6.498121932E1,2.551833683E1,2.052033732E1,7.199999690E-1,2.712000122E2,3.000000000E0,4.000000000E0
3.649376310E2,6.498121727E1,2.551830707E1,2.052033935E1,7.599999905E-1,2.670000000E2,3.000000000E0,4.000000000E0
3.659515445E2,6.498121819E1,2.551828830E1,2.152034268E1,6.200000048E-1,2.686000061E2,3.000000000E0,4.000000000E0
3.669510418E2,6.498121785E1,2.551826818E1,2.152034503E1,5.299999714E-1,2.671000061E2,3.000000000E0,4.000000000E0
3.679462935E2,6.498121794E1,2.551824521E1,2.152034814E1,6.899999976E-1,2.636000061E2,3.000000000E0,4.000000000E0
3.689436006E2,6.498121827E1,2.551822124E1,2.152035162E1,6.999999881E-1,2.650000000E2,3.000000000E0,4.000000000E0
3.699466050E2,6.498121781E1,2.551819492E1,2.152035467E1,7.999999523E-1,2.617000122E2,3.000000000E0,4.000000000E0
3.709306558E2,6.498121748E1,2.551817112E1,2.152035750E1,7.999999523E-1,2.623999939E2,3.000000000E0,4.000000000E0
3.719440205E2,6.498121735E1,2.551814153E1,2.152036129E1,8.599999547E-1,2.642999878E2,3.000000000E0,4.000000000E0
3.729562059E2,6.498121651E1,2.551811378E1,2.152036418E1,6.999999881E-1,2.637000122E2,3.000000000E0,4.000000000E0
3.739451948E2,6.498121278E1,2.551808688E1,2.152036429E1,8.799999952E-1,2.588999939E2,3.000000000E0,4.000000000E0
3.749361801E2,6.498121014E1,2.551806198E1,2.152036514E1,9.199999571E-1,2.592000122E2,3.000000000E0,4.000000000E0
3.759367909E2,6.498120696E1,2.551803164E1,2.152036621E1,8.999999762E-1,2.606000061E2,3.000000000E0,4.000000000E0
3.769370753E2,6.498120327E1,2.551799962E1,2.152036703E1,8.899999857E-1,2.612999878E2,3.000000000E0,4.000000000E0
3.779392549E2,6.498120247E1,2.551797330E1,2.152036977E1,7.400000095E-1,2.578999939E2,3.000000000E0,4.000000000E0
3.789445255E2,6.498119962E1,2.551795243E1,2.152036989E1,6.200000048E-1,2.578999939E2,3.000000000E0,4.000000000E0
3.799514493E2,6.498120071E1,2.551793089E1,2.152037375E1,6.200000048E-1,2.626000061E2,3.000000000E0,4.000000000E0
3.809396509E2,6.498120176E1,2.551790466E1,2.152037818E1,7.699999809E-1,2.585000000E2,3.000000000E0,4.000000000E0
3.819529602E2,6.498119849E1,2.551787389E1,2.052037922E1,6.200000048E-1,2.562000122E2,3.000000000E0,4.000000000E0
3.829434490E2,6.498119883E1,2.551785009E1,2.152038268E1,6.800000072E-1,2.531000061E2,3.000000000E0,4.000000000E0
3.839479153E2,6.498119761E1,2.551782503E1,2.152038487E1,8.199999928E-1,2.550000000E2,3.000000000E0,4.000000000E0
3.849532716E2,6.498119510E1,2.551780122E1,2.052038569E1,6.999999881E-1,2.592000122E2,3.000000000E0,4.000000000E0
3.859534859E2,6.498119468E1,2.551777935E1,2.152038819E1,6.699999571E-1,2.638999939E2,3.000000000E0,4.000000000E0
3.869490879E2,6.498119443E1,2.551775663E1,2.152039096E1,7.400000095E-1,2.672999878E2,3.000000000E0,4.000000000E0
3.879447091E2,6.498119573E1,2.551773174E1,2.152039545E1,5.699999928E-1,2.706000061E2,3.000000000E0,4.000000000E0
3.889436163E2,6.498119631E1,2.551770751E1,2.152039919E1,6.599999666E-1,2.712000122E2,3.000000000E0,4.000000000E0
3.899494984E2,6.498119405E1,2.551768103E1,2.152040060E1,7.299999595E-1,2.732000122E2,3.000000000E0,4.000000000E0
3.909480531E2,6.498119351E1,2.551765722E1,2.152040324E1,7.699999809E-1,2.732999878E2,3.000000000E0,4.000000000E0
3.919533166E2,6.498119439E1,2.551763216E1,2.152040736E1,7.099999785E-1,2.715000000E2,3.000000000E0,4.000000000E0
3.929622051E2,6.498119430E1,2.551760877E1,2.152041037E1,6.100000143E-1,2.727000122E2,3.000000000E0,4.000000000E0
3.939517546E2,6.498119133E1,2.551758187E1,2.052041118E1,5.399999619E-1,2.707999878E2,3.000000000E0,4.000000000E0
3.949410741E2,6.498119128E1,2.551756150E1,2.052041383E1,4.499999881E-1,2.712999878E2,3.000000000E0,4.000000000E0
3.959523005E2,6.498119422E1,2.551753879E1,2.052041954E1,4.799999893E-1,2.727999878E2,3.000000000E0,4.000000000E0
3.969568052E2,6.498119602E1,2.551751096E1,2.052042488E1,6.200000048E-1,2.773999939E2,3.000000000E0,4.000000000E0
3.979384002E2,6.498119434E1,2.551748841E1,2.052042631E1,7.199999690E-1,2.747000122E2,3.000000000E0,4.000000000E0
3.989686876E2,6.498119589E1,2.551746477E1,2.052043086E1,7.199999690E-1,2.773999939E2,3.000000000E0,4.000000000E0
3.999527402E2,6.498119589E1,2.551744441E1,2.052043356E1,5.500000119E-1,2.823999939E2,3.000000000E0,4.000000000E0
4.009541740E2,6.498119782E1,2.551742219E1,2.052043827E1,1.000000000E0,2.863999939E2,3.000000000E0,4.000000000E0
4.019371791E2,6.498120059E1,2.551738934E1,2.052044516E1,9.899999499E-1,2.792000122E2,3.000000000E0,4.000000000E0
4.029510563E2,6.498120130E1,2.551735522E1,2.052045033E1,1.039999962E0,2.758999939E2,2.500000000E0,4.000000000E0
4.039373386E2,6.498119803E1,2.551732413E1,2.152045142E1,8.999999762E-1,2.781000061E2,2.500000000E0,4.000000000E0
4.049495911E2,6.498119698E1,2.551730074E1,2.152045354E1,8.399999738E-1,2.777000122E2,2.500000000E0,4.000000000E0
4.059620617E2,6.498119753E1,2.551727559E1,2.152045736E1,8.899999857E-1,2.792000122E2,2.500000000E0,4.000000000E0
4.069386538E2,6.498119765E1,2.551724944E1,2.152046093E1,9.099999666E-1,2.787000122E2,2.500000000E0,4.000000000E0
4.079506603E2,6.498119757E1,2.551722212E1,2.152046447E1,9.499999881E-1,2.816000061E2,2.500000000E0,4.000000000E0
4.089383607E2,6.498119967E1,2.551718934E1,2.152047073E1,1.139999986E0,2.875000000E2,2.500000000E0,4.000000000E0
4.099371425E2,6.498119979E1,2.551716277E1,2.152047436E1,7.799999714E-1,2.851000061E2,2.500000000E0,4.000000000E0
4.109342721E2,6.498119933E1,2.551713838E1,2.152047715E1,7.099999785E-1,2.777000122E2,2.500000000E0,4.000000000E0
4.119460002E2,6.498119996E1,2.551711190E1,2.152048123E1,7.099999785E-1,2.723999939E2,2.500000000E0,4.000000000E0
4.129456385E2,6.498119962E1,2.551709086E1,2.152048370E1,7.099999785E-1,2.672999878E2,2.500000000E0,4.000000000E0
4.139327471E2,6.498119975E1,2.551706068E1,2.152048780E1,7.500000000E-1,2.666000061E2,2.500000000E0,4.000000000E0
4.149499061E2,6.498120046E1,2.551703906E1,2.152049132E1,6.800000072E-1,2.667000122E2,2.500000000E0,4.000000000E0
4.159316262E2,6.498120101E1,2.551701492E1,2.152049501E1,5.699999928E-1,2.682000122E2,2.500000000E0,4.000000000E0
4.169419530E2,6.498120247E1,2.551699572E1,2.152049890E1,6.200000048E-1,2.742999878E2,2.500000000E0,4.000000000E0
4.179454052E2,6.498120268E1,2.551697108E1,2.152050235E1,5.199999809E-1,2.733999939E2,2.500000000E0,4.000000000E0
4.189629293E2,6.498120511E1,2.551694652E1,2.152050784E1,6.100000143E-1,2.728999939E2,2.500000000E0,4.000000000E0
4.199354507E2,6.498120922E1,2.551691861E1,2.152051532E1,6.999999881E-1,2.708999939E2,2.500000000E0,4.000000000E0
4.209410048E2,6.498121140E1,2.551689749E1,2.152052012E1,6.999999881E-1,2.758999939E2,2.500000000E0,4.000000000E0
4.219370773E2,6.498121471E1,2.551687066E1,2.152052672E1,7.999999523E-1,2.877000122E2,2.500000000E0,4.000000000E0
4.229353436E2,6.498122054E1,2.551684795E1,2.152053510E1,1.019999981E0,2.992000122E2,2.500000000E0,4.000000000E0
4.239423011E2,6.498122561E1,2.551682079E1,2.152054337E1,8.700000048E-1,3.025000000E2,2.500000000E0,4.000000000E0
4.249238568E2,6.498123101E1,2.551679682E1,2.052055153E1,8.499999642E-1,3.030000000E2,2.500000000E0,4.000000000E0
4.259420727E2,6.498123575E1,2.551677662E1,2.052055857E1,8.999999762E-1,3.012999878E2,2.500000000E0,4.000000000E0
4.269489458E2,6.498124233E1,2.551674703E1,2.152056855E1,9.499999881E-1,3.027999878E2,2.500000000E0,4.000000000E0
4.279460381E2,6.498124941E1,2.551672256E1,2.152057833E1,9.199999571E-1,3.066000061E2,2.500000000E0,4.000000000E0
4.289409901E2,6.498125595E1,2.551670202E1,2.152058708E1,6.499999762E-1,3.080000000E2,2.500000000E0,4.000000000E0
4.299382820E2,6.498125813E1,2.551667922E1,2.152059210E1,5.600000024E-1,3.057999878E2,2.500000000E0,4.000000000E0
4.309460918E2,6.498125926E1,2.551665382E1,2.152059650E1,6.599999666E-1,3.012999878E2,2.500000000E0,4.000000000E0
4.319451359E2,6.498126115E1,2.551663052E1,2.152060132E1,6.699999571E-1,2.918999939E2,2.500000000E0,4.000000000E0
4.329450040E2,6.498126090E1,2.551660546E1,2.052060439E1,7.199999690E-1,2.687000122E2,2.500000000E0,4.000000000E0
4.339499204E2,6.498125524E1,2.551658786E1,2.052060150E1,7.799999714E-1,2.295000000E2,2.500000000E0,4.000000000E0
4.349488925E2,6.498125067E1,2.551656045E1,2.052060090E1,7.699999809E-1,2.198000031E2,2.500000000E0,4.000000000E0
4.359542525E2,6.498124585E1,2.551654109E1,2.052059900E1,9.599999785E-1,2.148000031E2,2.500000000E0,4.000000000E0
4.369471162E2,6.498123898E1,2.551651645E1,2.052059591E1,9.499999881E-1,2.203999939E2,2.500000000E0,4.000000000E0
4.379524746E2,6.498123382E1,2.551649801E1,2.052059359E1,8.799999952E-1,2.218999939E2,2.500000000E0,4.000000000E0
4.389394179E2,6.498122460E1,2.551647873E1,2.052058762E1,9.199999571E-1,2.221999969E2,2.500000000E0,4.000000000E0
4.399475271E2,6.498121848E1,2.551645626E1,2.052058494E1,9.199999571E-1,2.246000061E2,2.500000000E0,4.000000000E0
4.409406560E2,6.498121174E1,2.551643791E1,2.052058113E1,9.499999881E-1,2.263999939E2,2.500000000E0,4.000000000E0
4.419371460E2,6.498120377E1,2.551642072E1,2.052057605E1,9.499999881E-1,2.273000031E2,2.500000000E0,4.000000000E0
4.429437009E2,6.498119845E1,2.551640178E1,2.052057364E1,9.099999666E-1,2.285000000E2,2.500000000E0,4.000000000E0
4.439282248E2,6.498119430E1,2.551638259E1,2.052057234E1,7.999999523E-1,2.321999969E2,2.500000000E0,4.000000000E0
4.449541483E2,6.498119061E1,2.551635928E1,2.152057202E1,8.499999642E-1,2.306000061E2,2.500000000E0,4.000000000E0
4.459320866E2,6.498118408E1,2.551633925E1,2.052056863E1,8.899999857E-1,2.220000000E2,2.500000000E0,4.000000000E0
4.469540802E2,6.498117745E1,2.551632483E1,2.152056442E1,7.899999619E-1,2.235000000E2,2.500000000E0,4.000000000E0
4.479542638E2,6.498116966E1,2.551631050E1,2.152055911E1,7.199999690E-1,2.216000061E2,2.500000000E0,4.000000000E0
4.489611914E2,6.498116195E1,2.551629852E1,2.152055358E1,6.100000143E-1,2.201000061E2,2.500000000E0,4.000000000E0
4.499380900E2,6.498115830E1,2.551628946E1,2.152055141E1,4.599999785E-1,2.188000031E2,2.500000000E0,4.000000000E0
4.509360361E2,6.498115327E1,2.551627572E1,2.152054858E1,7.199999690E-1,2.191999969E2,2.500000000E0,4.000000000E0
4.519531183E2,6.498114506E1,2.551626172E1,2.152054284E1,6.800000072E-1,2.183000031E2,2.500000000E0,4.000000000E0
4.529302142E2,6.498113911E1,2.551624630E1,2.152053939E1,5.799999833E-1,2.215000000E2,2.500000000E0,4.000000000E0
4.539508041E2,6.498113316E1,2.551623113E1,2.052053590E1,6.899999976E-1,2.236000061E2,3.000000000E0,4.000000000E0
4.549461021E2,6.498113060E1,2.551621252E1,2.052053599E1,6.800000072E-1,2.243000031E2,2.500000000E0,4.000000000E0
4.559230002E2,6.498112603E1,2.551620053E1,2.052053336E1,5.600000024E-1,2.266999969E2,3.000000000E0,4.000000000E0
4.569173332E2,6.498112067E1,2.551618930E1,2.152052989E1,6.200000048E-1,2.266999969E2,3.000000000E0,4.000000000E0
4.579290847E2,6.498111627E1,2.551617413E1,2.152052783E1,5.999999642E-1,2.275000000E2,3.000000000E0,4.000000000E0
4.589279405E2,6.498111061E1,2.551615477E1,2.152052517E1,7.099999785E-1,2.303999939E2,3.000000000E0,4.000000000E0
4.599104826E2,6.498110533E1,2.551613641E1,2.152052272E1,6.999999881E-1,2.321999969E2,3.000000000E0,4.000000000E0
4.609353374E2,6.498109808E1,2.551612048E1,2.152051813E1,8.700000048E-1,2.316999969E2,3.000000000E0,4.000000000E0
4.619504423E2,6.498108978E1,2.551610121E1,2.152051301E1,7.500000000E-1,2.286999969E2,3.000000000E0,4.000000000E0
4.629410488E2,6.498108085E1,2.551608914E1,2.152050637E1,9.099999666E-1,2.191000061E2,3.000000000E0,4.000000000E0
4.639420398E2,6.498107234E1,2.551607606E1,2.052050024E1,7.400000095E-1,2.156000061E2,3.000000000E0,4.000000000E0
4.649515373E2,6.498106359E1,2.551606449E1,2.052049368E1,8.199999928E-1,2.111000061E2,3.000000000E0,4.000000000E0
4.659490669E2,6.498105659E1,2.551604589E1,2.152048968E1,9.099999666E-1,2.088000031E2,3.000000000E0,4.000000000E0
4.669531707E2,6.498104816E1,2.551602837E1,2.152048422E1,7.799999714E-1,2.151999969E2,3.000000000E0,4.000000000E0
4.679412066E2,6.498104196E1,2.551600490E1,2.052048159E1,7.400000095E-1,2.170000000E2,3.000000000E0,4.000000000E0
4.689364957E2,6.498103442E1,2.551598419E1,2.052047737E1,7.400000095E-1,2.286000061E2,3.000000000E0,4.000000000E0
4.699340367E2,6.498102780E1,2.551595863E1,2.052047463E1,6.899999976E-1,2.376999969E2,3.000000000E0,4.000000000E0
4.709320833E2,6.498102163E1,2.551593893E1,2.052047155E1,7.299999595E-1,2.451000061E2,3.000000000E0,4.000000000E0
4.719496101E2,6.498101468E1,2.551591538E1,2.052046824E1,9.699999690E-1,2.361000061E2,3.000000000E0,4.000000000E0
4.729480544E2,6.498100604E1,2.551589602E1,2.152046283E1,9.099999666E-1,2.286000061E2,3.000000000E0,4.000000000E0
4.739325038E2,6.498100001E1,2.551587607E1,2.152045989E1,7.500000000E-1,2.250000000E2,3.000000000E0,4.000000000E0
4.749419795E2,6.498099330E1,2.551585587E1,2.152045637E1,8.199999928E-1,2.281000061E2,3.000000000E0,4.000000000E0
4.759249250E2,6.498098639E1,2.551583483E1,2.152045277E1,7.099999785E-1,2.310000000E2,3.000000000E0,4.000000000E0
4.769232781E2,6.498097905E1,2.551581345E1,2.152044882E1,7.699999809E-1,2.321999969E2,3.000000000E0,4.000000000E0
4.779371432E2,6.498097222E1,2.551579325E1,2.152044519E1,7.099999785E-1,2.340000000E2,3.000000000E0,4.000000000E0
4.789270409E2,6.498096447E1,2.551577775E1,2.152044008E1,7.400000095E-1,2.313999939E2,3.000000000E0,4.000000000E0
4.799266872E2,6.498095563E1,2.551576333E1,2.152043382E1,7.299999595E-1,2.325000000E2,3.000000000E0,4.000000000E0
4.809388658E2,6.498094993E1,2.551574992E1,2.252043033E1,6.499999762E-1,2.308999939E2,3.000000000E0,4.000000000E0
4.819395516E2,6.498094431E1,2.551573626E1,2.252042695E1,6.899999976E-1,2.235000000E2,3.000000000E0,4.000000000E0
4.829378065E2,6.498093362E1,2.551572477E1,2.252041861E1,6.999999881E-1,2.193999939E2,3.000000000E0,4.000000000E0
4.839174716E2,6.498092424E1,2.551571354E1,2.252041142E1,8.499999642E-1,2.128999939E2,3.000000000E0,4.000000000E0
4.849432821E2,6.498091506E1,2.551569971E1,2.252040478E1,8.599999547E-1,2.088000031E2,3.000000000E0,4.000000000E0
4.859354993E2,6.498090106E1,2.551568010E1,2.252039445E1,8.899999857E-1,2.100000000E2,3.000000000E0,4.000000000E0
4.869288070E2,6.498089092E1,2.551565822E1,2.252038798E1,9.399999976E-1,2.138999939E2,3.000000000E0,4.000000000E0
4.879261923E2,6.498088094E1,2.551563584E1,2.152038173E1,8.199999928E-1,2.170000000E2,3.000000000E0,4.000000000E0
4.889217849E2,6.498087357E1,2.551562000E1,2.152037702E1,7.899999619E-1,2.176000061E2,3.000000000E0,4.000000000E0
4.899201368E2,6.498086326E1,2.551560206E1,2.152036987E1,9.399999976E-1,2.168000031E2,3.000000000E0,4.000000000E0
4.909094356E2,6.498085358E1,2.551558128E1,2.252036369E1,8.499999642E-1,2.168999939E2,3.000000000E0,4.000000000E0
4.919378560E2,6.498084444E1,2.551557030E1,2.252035670E1,1.039999962E0,2.108999939E2,3.000000000E0,4.000000000E0
4.929334976E2,6.498083329E1,2.551555957E1,2.252034783E1,9.099999666E-1,2.016999969E2,3.000000000E0,4.000000000E0
4.939379791E2,6.498082370E1,2.551555638E1,2.252033939E1,7.400000095E-1,1.966000061E2,3.000000000E0,4.000000000E0
4.949455507E2,6.498081481E1,2.551554222E1,2.252033307E1,8.899999857E-1,1.986999969E2,3.000000000E0,4.000000000E0
4.959336385E2,6.498079855E1,2.551553174E1,2.252031944E1,1.049999952E0,1.941999969E2,3.000000000E0,4.000000000E0
4.969309726E2,6.498078824E1,2.551551984E1,2.252031150E1,8.999999762E-1,1.911999969E2,3.000000000E0,4.000000000E0
4.979494666E2,6.498077919E1,2.551551271E1,2.252030409E1,6.599999666E-1,1.881999969E2,3.000000000E0,4.000000000E0
4.989414836E2,6.498077014E1,2.551550458E1,2.252029681E1,6.299999952E-1,1.896999969E2,3.000000000E0,4.000000000E0
4.999406318E2,6.498076100E1,2.551549662E1,2.252028943E1,6.699999571E-1,1.900000000E2,3.000000000E0,4.000000000E0
5.009495876E2,6.498075140E1,2.551548958E1,2.252028150E1,7.199999690E-1,1.873999939E2,3.000000000E0,4.000000000E0
5.019421015E2,6.498073963E1,2.551548237E1,2.252027158E1,8.299999833E-1,1.915000000E2,2.500000000E0,4.000000000E0
5.029413314E2,6.498072839E1,2.551547105E1,2.252026271E1,9.799999595E-1,1.973000031E2,2.500000000E0,4.000000000E0
5.039403053E2,6.498071494E1,2.551546250E1,2.152025142E1,8.899999857E-1,1.985000000E2,2.500000000E0,4.000000000E0
5.049424520E2,6.498070312E1,2.551545479E1,2.252024154E1,8.599999547E-1,2.026000061E2,2.500000000E0,4.000000000E0
5.059556092E2,6.498069239E1,2.551544415E1,2.152023304E1,9.199999571E-1,2.026000061E2,3.000000000E0,4.000000000E0
5.069434009E2,6.498067999E1,2.551543283E1,2.152022309E1,8.799999952E-1,2.063000031E2,3.000000000E0,4.000000000E0
5.079477737E2,6.498067291E1,2.551541917E1,2.052021836E1,4.799999893E-1,2.088999939E2,3.000000000E0,4.000000000E0
5.089395897E2,6.498066515E1,2.551540945E1,2.052021249E1,5.899999738E-1,2.008999939E2,3.000000000E0,4.000000000E0
5.099620958E2,6.498065467E1,2.551540568E1,2.052020332E1,7.500000000E-1,1.948999939E2,3.000000000E0,4.000000000E0
5.109466794E2,6.498064629E1,2.551539922E1,2.052019643E1,5.799999833E-1,2.008999939E2,3.000000000E0,4.000000000E0
5.119596957E2,6.498063615E1,2.551539419E1,2.052018774E1,4.399999976E-1,2.011999969E2,3.000000000E0,4.000000000E0
5.129415194E2,6.498062337E1,2.551538916E1,1.952017660E1,5.600000024E-1,1.940000000E2,2.500000000E0,4.000000000E0
5.139467387E2,6.498061394E1,2.551538422E1,1.952016855E1,5.699999928E-1,1.851000061E2,3.000000000E0,4.000000000E0
5.149379266E2,6.498060111E1,2.551538011E1,1.952015726E1,8.700000048E-1,1.788000031E2,3.000000000E0,4.000000000E0
5.159452243E2,6.498058821E1,2.551538221E1,2.052014507E1,8.299999833E-1,1.738999939E2,3.000000000E0,4.000000000E0
5.169343695E2,6.498057899E1,2.551538011E1,1.952013684E1,7.799999714E-1,1.770000000E2,3.000000000E0,4.000000000E0
5.179341723E2,6.498056419E1,2.551537776E1,1.952012349E1,7.999999523E-1,1.783999939E2,2.500000000E0,4.000000000E0
5.189426847E2,6.498055183E1,2.551537466E1,1.952011249E1,9.199999571E-1,1.785000000E2,2.500000000E0,4.000000000E0
5.199464127E2,6.498053884E1,2.551537408E1,1.952010058E1,9.399999976E-1,1.793999939E2,2.500000000E0,4.000000000E0
5.209421051E2,6.498052496E1,2.551537022E1,1.952008829E1,9.899999499E-1,1.825000000E2,2.500000000E0,4.000000000E0
5.219207728E2,6.498051134E1,2.551536595E1,1.952007628E1,8.999999762E-1,1.825000000E2,2.500000000E0,4.000000000E0
5.229413381E2,6.498049957E1,2.551536301E1,1.952006580E1,8.100000024E-1,1.813000031E2,2.500000000E0,4.000000000E0
5.239438961E2,6.498048867E1,2.551536578E1,1.952005537E1,7.899999619E-1,1.826000061E2,3.000000000E0,4.000000000E0
5.249393209E2,6.498047912E1,2.551536343E1,1.952004687E1,6.399999857E-1,1.801000061E2,3.000000000E0,4.000000000E0
5.259298990E2,6.498047023E1,2.551536360E1,1.952003864E1,7.099999785E-1,1.781000061E2,3.000000000E0,4.000000000E0
5.269445763E2,6.498045716E1,2.551536603E1,1.952002625E1,8.399999738E-1,1.751999969E2,3.000000000E0,4.000000000E0
5.279423439E2,6.498044777E1,2.551536460E1,1.952001778E1,7.599999905E-1,1.748999939E2,3.000000000E0,4.000000000E0
5.289439083E2,6.498043792E1,2.551535823E1,2.052000953E1,9.300000072E-1,1.801999969E2,3.000000000E0,4.000000000E0
5.299395383E2,6.498042535E1,2.551534801E1,2.051999928E1,1.090000033E0,1.756999969E2,3.000000000E0,4.000000000E0
5.309394138E2,6.498041403E1,2.551535270E1,2.051998821E1,1.000000000E0,1.713000031E2,3.000000000E0,4.000000000E0
5.319439481E2,6.498039940E1,2.551535304E1,1.951997467E1,9.199999571E-1,1.686999969E2,3.000000000E0,4.000000000E0
5.329423661E2,6.498038838E1,2.551535379E1,1.951996440E1,8.799999952E-1,1.668000031E2,3.000000000E0,4.000000000E0
5.339486506E2,6.498037635E1,2.551535262E1,1.951995345E1,9.599999785E-1,1.691000061E2,3.000000000E0,4.000000000E0
5.349532971E2,6.498036340E1,2.551535019E1,1.951994182E1,9.199999571E-1,1.703000031E2,3.000000000E0,4.000000000E0
5.359395257E2,6.498034848E1,2.551535354E1,1.951992760E1,9.199999571E-1,1.661000061E2,3.000000000E0,4.000000000E0
5.369533954E2,6.498033562E1,2.551535530E1,1.951991550E1,7.400000095E-1,1.708000031E2,2.500000000E0,4.000000000E0
5.379528773E2,6.498032401E1,2.551535312E1,1.951990507E1,9.699999690E-1,1.801000061E2,2.500000000E0,4.000000000E0
5.389532552E2,6.498031081E1,2.551535287E1,1.951989292E1,1.039999962E0,1.853999939E2,2.500000000E0,4.000000000E0
5.399473080E2,6.498029890E1,2.551534549E1,1.951988291E1,7.899999619E-1,1.888999939E2,2.500000000E0,4.000000000E0
5.409401548E2,6.498028755E1,2.551533544E1,1.951987376E1,9.099999666E-1,1.928999939E2,2.500000000E0,4.000000000E0
5.419526806E2,6.498027833E1,2.551532948E1,1.951986604E1,9.399999976E-1,1.896999969E2,2.500000000E0,4.000000000E0
5.429439681E2,6.498026785E1,2.551532152E1,1.951985742E1,1.000000000E0,1.948999939E2,2.500000000E0,4.000000000E0
5.439546293E2,6.498025402E1,2.551531440E1,1.951984560E1,9.699999690E-1,1.971000061E2,2.500000000E0,4.000000000E0
5.449457924E2,6.498024472E1,2.551530618E1,2.051983810E1,8.799999952E-1,1.958999939E2,2.500000000E0,4.000000000E0
5.459393564E2,6.498023386E1,2.551529193E1,1.951982997E1,8.199999928E-1,1.998999939E2,2.500000000E0,4.000000000E0
5.469475166E2,6.498022288E1,2.551528464E1,1.951982080E1,9.599999785E-1,1.991999969E2,2.500000000E0,4.000000000E0
5.479499783E2,6.498021286E1,2.551527659E1,1.951981262E1,9.300000072E-1,2.018999939E2,2.500000000E0,4.000000000E0
5.489406570E2,6.498020067E1,2.551527391E1,1.951980172E1,7.400000095E-1,1.975000000E2,2.500000000E0,4.000000000E0
5.499478782E2,6.498019333E1,2.551527592E1,1.951979468E1,4.699999988E-1,1.978000031E2,2.500000000E0,4.000000000E0
5.509212921E2,6.498018558E1,2.551527140E1,1.951978813E1,1.149999976E0,1.881999969E2,2.500000000E0,4.000000000E0
5.519229315E2,6.498017196E1,2.551526880E1,1.951977590E1,1.039999962E0,1.875000000E2,2.500000000E0,4.000000000E0
5.529291332E2,6.498016123E1,2.551526268E1,1.951976681E1,8.899999857E-1,1.898000031E2,2.500000000E0,4.000000000E0
5.539460229E2,6.498014883E1,2.551525673E1,1.951975615E1,9.300000072E-1,1.901000061E2,2.500000000E0,4.000000000E0
5.549670016E2,6.498013797E1,2.551525128E1,1.951974685E1,1.230000019E0,1.948999939E2,2.500000000E0,4.000000000E0
5.559329656E2,6.498012594E1,2.551523963E1,1.951973729E1,1.179999948E0,2.018000031E2,2.500000000E0,4.000000000E0
5.569394845E2,6.498011454E1,2.551523569E1,2.051972729E1,9.099999666E-1,2.023000031E2,2.500000000E0,4.000000000E0
5.579397807E2,6.498010361E1,2.551522949E1,1.951971802E1,7.500000000E-1,1.990000000E2,2.500000000E0,4.000000000E0
5.589525772E2,6.498009569E1,2.551522329E1,2.051971153E1,7.899999619E-1,2.003999939E2,2.500000000E0,4.000000000E0
5.599474195E2,6.498008429E1,2.551521071E1,2.051970267E1,8.599999547E-1,2.001999969E2,2.500000000E0,4.000000000E0
5.609478556E2,6.498007528E1,2.551520510E1,2.051969510E1,7.699999809E-1,2.031000061E2,2.500000000E0,4.000000000E0
5.619377847E2,6.498006710E1,2.551519722E1,2.051968860E1,8.700000048E-1,1.980000000E2,2.500000000E0,4.000000000E0
5.629510482E2,6.498005725E1,2.551518515E1,1.951968111E1,8.999999762E-1,2.026000061E2,2.500000000E0,4.000000000E0
5.639362897E2,6.498004615E1,2.551517073E1,1.951967277E1,9.099999666E-1,2.063000031E2,2.500000000E0,4.000000000E0
5.649550848E2,6.498003584E1,2.551515363E1,2.051966552E1,8.399999738E-1,2.083999939E2,2.500000000E0,4.000000000E0
5.659221124E2,6.498002964E1,2.551513955E1,1.951966166E1,7.899999619E-1,2.160000000E2,2.500000000E0,4.000000000E0
5.669399775E2,6.498001882E1,2.551512522E1,2.051965358E1,9.699999690E-1,2.103999939E2,2.500000000E0,4.000000000E0
5.679355395E2,6.498000801E1,2.551512740E1,1.951964332E1,6.399999857E-1,1.943000031E2,2.500000000E0,4.000000000E0
5.689475248E2,6.497999938E1,2.551514382E1,1.851963317E1,6.699999571E-1,1.553999939E2,2.500000000E0,4.000000000E0
5.699448567E2,6.498000353E1,2.551516185E1,1.751963461E1,9.699999690E-1,7.769999695E1,2.500000000E0,4.000000000E0
5.709527534E2,6.498001514E1,2.551516855E1,1.751964444E1,9.799999595E-1,1.620000076E1,2.500000000E0,4.000000000E0
5.719493938E2,6.498002415E1,2.551515254E1,1.651965488E1,6.599999666E-1,3.317000122E2,2.500000000E0,4.000000000E0
5.729515843E2,6.498002071E1,2.551512823E1,1.651965492E1,5.399999619E-1,2.818999939E2,2.500000000E0,4.000000000E0
5.739347239E2,6.498001652E1,2.551511172E1,1.751965324E1,4.399999976E-1,2.393999939E2,2.500000000E0,4.000000000E0
5.749429697E2,6.498001057E1,2.551509454E1,1.751965003E1,5.500000119E-1,2.088999939E2,2.500000000E0,4.000000000E0
5.759486209E2,6.498000340E1,2.551508272E1,1.751964498E1,7.400000095E-1,1.978999939E2,2.500000000E0,4.000000000E0
5.769357240E2,6.497999649E1,2.551507627E1,1.751963945E1,6.499999762E-1,1.921999969E2,2.500000000E0,4.000000000E0
5.779385846E2,6.497998915E1,2.551506512E1,1.751963416E1,7.599999905E-1,1.951999969E2,2.500000000E0,4.000000000E0
5.789395473E2,6.497997842E1,2.551505548E1,1.751962554E1,9.099999666E-1,1.928999939E2,2.500000000E0,4.000000000E0
5.799360226E2,6.497996417E1,2.551504651E1,1.651961357E1,9.300000072E-1,1.956999969E2,2.500000000E0,4.000000000E0
5.809463459E2,6.497995449E1,2.551503394E1,1.651960631E1,9.399999976E-1,1.975000000E2,2.500000000E0,4.000000000E0
5.819410876E2,6.497994460E1,2.551501885E1,1.751959918E1,1.079999924E0,2.020000000E2,2.500000000E0,4.000000000E0
5.829399512E2,6.497993387E1,2.551499873E1,1.751959194E1,1.069999933E0,2.056000061E2,2.500000000E0,4.000000000E0
5.839382854E2,6.497991996E1,2.551498499E1,1.751958092E1,1.059999943E0,2.128000031E2,2.500000000E0,4.000000000E0
5.849512218E2,6.497990977E1,2.551497065E1,1.751957342E1,9.899999499E-1,2.138999939E2,2.500000000E0,4.000000000E0
5.859386430E2,6.497989955E1,2.551495548E1,1.751956600E1,8.599999547E-1,2.183000031E2,2.500000000E0,4.000000000E0
5.869390490E2,6.497988957E1,2.551494333E1,1.651955840E1,7.999999523E-1,2.191000061E2,2.500000000E0,4.000000000E0
5.879481547E2,6.497987788E1,2.551492707E1,1.751954977E1,9.499999881E-1,2.135000000E2,2.500000000E0,4.000000000E0
5.889489031E2,6.497986912E1,2.551491844E1,1.751954283E1,7.899999619E-1,2.081999969E2,2.500000000E0,4.000000000E0
5.899336644E2,6.497986053E1,2.551490569E1,1.751953659E1,8.799999952E-1,2.071000061E2,2.500000000E0,4.000000000E0
5.909399301E2,6.497985089E1,2.551489404E1,1.751952924E1,9.799999595E-1,2.078999939E2,2.500000000E0,4.000000000E0
5.919433423E2,6.497983870E1,2.551487896E1,1.751951998E1,9.099999666E-1,2.108000031E2,2.500000000E0,4.000000000E0
5.929487011E2,6.497982922E1,2.551486194E1,1.751951350E1,8.399999738E-1,2.185000000E2,2.500000000E0,4.000000000E0
5.939485773E2,6.497982189E1,2.551484761E1,1.751950863E1,9.699999690E-1,2.260000000E2,2.500000000E0,4.000000000E0
5.949474229E2,6.497981548E1,2.551483001E1,1.751950504E1,1.009999990E0,2.305000000E2,2.500000000E0,4.000000000E0
5.959517411E2,6.497980923E1,2.551481484E1,1.751950129E1,1.079999924E0,2.325000000E2,2.500000000E0,4.000000000E0
5.969547683E2,6.497980018E1,2.551478885E1,1.751949638E1,1.159999967E0,2.336000061E2,2.500000000E0,4.000000000E0
5.979501609E2,6.497978979E1,2.551476639E1,1.851948977E1,1.189999938E0,2.336000061E2,2.500000000E0,4.000000000E0
5.989422051E2,6.497978338E1,2.551474728E1,1.851948638E1,8.700000048E-1,2.303999939E2,2.500000000E0,4.000000000E0
5.999395582E2,6.497977822E1,2.551473194E1,1.851948366E1,7.400000095E-1,2.295000000E2,2.500000000E0,4.000000000E0
6.009533707E2,6.497977235E1,2.551472012E1,1.851947981E1,6.899999976E-1,2.328999939E2,2.500000000E0,4.000000000E0
6.019496312E2,6.497976682E1,2.551470654E1,1.851947651E1,8.599999547E-1,2.346000061E2,2.500000000E0,4.000000000E0
6.029526049E2,6.497975785E1,2.551468592E1,1.851947097E1,1.049999952E0,2.378000031E2,2.500000000E0,4.000000000E0
6.039402065E2,6.497975211E1,2.551466446E1,1.851946851E1,1.049999952E0,2.363999939E2,2.500000000E0,4.000000000E0
6.049309425E2,6.497974587E1,2.551464016E1,1.851946597E1,9.799999595E-1,2.345000000E2,2.500000000E0,4.000000000E0
6.059349579E2,6.497974042E1,2.551462130E1,1.851946345E1,7.299999595E-1,2.351000061E2,2.500000000E0,4.000000000E0
6.069358640E2,6.497973241E1,2.551460135E1,1.851945870E1,9.699999690E-1,2.326999969E2,2.500000000E0,4.000000000E0
6.079502929E2,6.497972462E1,2.551458190E1,1.751945409E1,7.799999714E-1,2.313000031E2,2.500000000E0,4.000000000E0
6.089450406E2,6.497971812E1,2.551456380E1,1.751945049E1,1.009999990E0,2.290000000E2,2.500000000E0,4.000000000E0
6.099471946E2,6.497971125E1,2.551454125E1,1.851944714E1,7.899999619E-1,2.305000000E2,2.500000000E0,4.000000000E0
6.109467632E2,6.497970744E1,2.551451988E1,1.851944646E1,9.599999785E-1,2.363000031E2,2.500000000E0,4.000000000E0
6.119526577E2,6.497970270E1,2.551449431E1,1.851944548E1,9.099999666E-1,2.396000061E2,2.500000000E0,4.000000000E0
6.129451495E2,6.497969939E1,2.551447210E1,1.851944537E1,7.799999714E-1,2.393999939E2,2.500000000E0,4.000000000E0
6.139510611E2,6.497969193E1,2.551445793E1,1.851944036E1,9.599999785E-1,2.401999969E2,2.500000000E0,4.000000000E0
6.149475292E2,6.497968640E1,2.551444025E1,1.851943760E1,7.899999619E-1,2.431000061E2,2.500000000E0,4.000000000E0
6.159160906E2,6.497968271E1,2.551441854E1,1.851943708E1,1.110000014E0,2.443000031E2,2.500000000E0,4.000000000E0
6.169359810E2,6.497967437E1,2.551439188E1,1.851943292E1,1.059999943E0,2.491999969E2,2.500000000E0,4.000000000E0
6.179384622E2,6.497967060E1,2.551436414E1,1.951943311E1,9.099999666E-1,2.546999969E2,2.500000000E0,3.000000000E0
6.189007971E2,6.497966351E1,2.551433564E1,1.851943036E1,1.019999981E0,2.561000061E2,2.500000000E0,3.000000000E0
6.199052216E2,6.497965832E1,2.551430480E1,1.851942965E1,7.899999619E-1,2.541000061E2,2.500000000E0,3.000000000E0
6.209413418E2,6.497965580E1,2.551428066E1,1.851943053E1,1.090000033E0,2.568999939E2,2.500000000E0,3.000000000E0
6.219471768E2,6.497965153E1,2.551425601E1,1.851942986E1,9.300000072E-1,2.578999939E2,2.500000000E0,3.000000000E0
